Date,Source Files,Statements,Lines,Comment Lines,Documentation Lines,Data Files,Data Bytes,User,Routines,Classes
15-Aug-2016 20:54,3,103,301,60,47,3,7297,morgan,14,1
15-Aug-2016 23:56,3,103,301,60,47,5,9590,morgan,14,1
16-Aug-2016 00:02,3,103,301,60,47,7,42989,morgan,14,1
16-Aug-2016 22:13,3,114,253,34,43,13,16146831,morgan,6,2
16-Aug-2016 23:12,3,149,317,101,92,14,16134594,morgan,7,2
16-Aug-2016 23:13,3,149,317,101,92,14,16134594,morgan,7,2
17-Aug-2016 10:19,3,172,357,104,92,16,16121957,morgan,7,2
17-Aug-2016 10:27,3,180,366,104,92,16,16121750,morgan,7,2
31-Aug-2016 18:48,5,109,307,19,48,2,5354,morgan,14,3
17-Aug-2016 10:19,3,172,357,104,92,16,16121957,morgan,7,2
16-Aug-2016 23:12,3,149,317,101,92,14,16134594,morgan,7,2
